prov,kab,rsu,rsu_beds,sp_ot,beds_per_ot,rsu_without_ot,sp_an
Jawa Timur,Sumenep,6,790,1,790,5,13
Jawa Barat,Garut,9,1228,2,614,7,21
Banten,Pandeglang,5,604,1,604,4,9
Jawa Tengah,Batang,3,534,1,534,2,6
Banten,Kota Serang,12,2277,5,455,8,25
Banten,Lebak,5,892,2,446,3,11
Jawa Barat,Ciamis,5,792,2,396,3,10
Jawa Timur,Pamekasan,7,659,2,330,5,14
Jawa Barat,Kuningan,11,1316,4,329,8,19
Jawa Barat,Tasikmalaya,2,321,1,321,1,3
Jawa Barat,Cianjur,7,1276,4,319,4,13
Jawa Timur,Pacitan,3,305,1,305,2,3
Jawa Tengah,Wonosobo,4,591,2,296,2,11
Jawa Tengah,Blora,8,866,3,289,5,17
Jawa Tengah,Grobogan,12,1333,5,267,9,23
Jawa Barat,Bandung,18,2601,10,260,10,37
Jawa Barat,Subang,11,1282,5,256,6,18
Jawa Timur,Ngawi,5,718,3,239,3,8
Jawa Barat,Pangandaran,1,234,1,234,0,3
Jawa Barat,Indramayu,11,1770,8,221,7,19
Jawa Barat,Sukabumi,9,1686,8,211,2,22
Jawa Tengah,Kendal,8,1026,5,205,4,15
Jawa Tengah,Kota Pekalongan,9,1000,5,200,5,16
Jawa Timur,Bondowoso,4,590,3,197,1,8
Jawa Timur,Trenggalek,3,393,2,196,2,5
Jawa Tengah,Kota Tegal,4,980,5,196,1,6
Jawa Barat,Sumedang,5,925,5,185,2,15
Jawa Barat,Kota Sukabumi,6,1109,6,185,2,11
Jawa Tengah,Purworejo,12,1107,6,184,7,19
Jawa Timur,Sampang,5,547,3,182,4,6
Jawa Timur,Nganjuk,4,728,4,182,1,9
Banten,Kota Cilegon,6,887,5,177,3,17
Jawa Tengah,Pekalongan,5,697,4,174,3,10
Jawa Barat,Bandung Barat,6,695,4,174,3,14
Jawa Tengah,Cilacap,13,1883,11,171,3,19
Jawa Tengah,Semarang,6,850,5,170,2,18
Banten,Serang,9,1158,7,165,6,23
Jawa Timur,Bojonegoro,11,1481,9,165,4,20
Yogyakarta,Kulon Progo,9,793,5,159,6,14
Jawa Timur,Ponorogo,7,1104,7,158,2,16
Jawa Barat,Kota Cimahi,7,1551,10,155,1,25
Jawa Barat,Majalengka,6,1363,9,151,2,13
Jawa Barat,Purwakarta,10,1658,11,151,3,22
Jawa Barat,Kota Banjar,4,449,3,150,2,6
Jawa Tengah,Rembang,5,746,5,149,1,13
Jawa Tengah,Tegal,10,1634,11,149,4,19
Jawa Tengah,Demak,6,889,6,148,1,13
Jawa Tengah,Pemalang,9,1300,9,144,2,21
Jawa Barat,Karawang,28,4312,30,144,7,69
Jawa Tengah,Temanggung,4,714,5,143,1,13
Jawa Tengah,Kebumen,11,1563,11,142,0,24
Yogyakarta,Gunung Kidul,8,710,5,142,3,16
Jawa Tengah,Banyumas,18,3253,23,141,3,52
Jawa Tengah,Brebes,15,1973,14,141,8,26
Jawa Barat,Bogor,31,5107,37,138,11,98
Jawa Barat,Bekasi,52,6701,49,137,24,121
Jawa Tengah,Jepara,7,1064,8,133,2,15
Jawa Timur,Madiun,3,506,4,126,0,5
Jawa Tengah,Boyolali,13,1468,12,122,5,33
Jawa Timur,Jember,12,1813,15,121,2,33
Jawa Timur,Situbondo,6,718,6,120,1,8
Jawa Timur,Probolinggo,5,715,6,119,1,12
Jawa Tengah,Banjarnegara,4,713,6,119,0,8
Jawa Tengah,Kudus,8,1532,13,118,1,22
Jawa Barat,Kota Tasikmalaya,9,1156,10,116,3,19
Jawa Barat,Cirebon,14,2652,23,115,3,35
Jawa Tengah,Kota Semarang,29,5646,50,113,6,120
Jawa Timur,Lamongan,19,1798,16,112,6,29
Jawa Timur,Bangkalan,3,561,5,112,0,6
Jawa Tengah,Kota Salatiga,5,671,6,112,1,9
Jawa Tengah,Magelang,7,777,7,111,3,13
Jawa Tengah,Sragen,13,1280,12,107,6,25
Jawa Tengah,Klaten,12,1920,18,107,0,33
Jawa Timur,Kota Kediri,9,1373,13,106,0,20
Jawa Tengah,Purbalingga,7,947,9,105,1,20
Jawa Timur,Banyuwangi,13,1470,14,105,3,29
Jawa Timur,Kota Blitar,5,628,6,105,0,11
Jawa Barat,Kota Bekasi,48,6117,59,104,17,125
Yogyakarta,Bantul,11,1344,13,103,6,36
Jawa Timur,Magetan,3,410,4,102,0,6
Jawa Barat,Kota Bogor,18,2757,27,102,5,55
Jawa Tengah,Kota Surakarta,17,3165,31,102,3,69
Jawa Timur,Jombang,14,1420,14,101,2,28
Jawa Timur,Pasuruan,11,1604,16,100,1,28
DKI Jakarta,Kepulauan Seribu,1,50,0,100,1,1
Jawa Tengah,Pati,10,1483,15,99,1,28
Jawa Timur,Kediri,9,1182,12,98,1,19
Jawa Timur,Lumajang,8,984,10,98,1,17
Jawa Timur,Blitar,8,784,8,98,1,15
DKI Jakarta,Kota Jakarta Pusat,28,5599,59,95,10,131
Jawa Timur,Kota Mojokerto,6,758,8,95,0,13
Jawa Barat,Kota Cirebon,9,1489,16,93,2,21
Jawa Timur,Tuban,6,829,9,92,0,14
DKI Jakarta,Kota Jakarta Timur,33,5900,65,91,7,129
Jawa Timur,Sidoarjo,26,3654,41,89,4,56
Jawa Timur,Kota Malang,17,2915,33,88,3,48
DKI Jakarta,Kota Jakarta Barat,20,3689,43,86,5,86
Yogyakarta,Sleman,24,3592,42,86,4,95
Jawa Timur,Kota Probolinggo,4,507,6,84,0,13
Jawa Timur,Kota Madiun,8,1250,15,83,0,19
Banten,Tangerang,26,3481,42,83,7,83
Jawa Tengah,Sukoharjo,9,1238,15,83,3,25
Yogyakarta,Kota Yogyakarta,12,1628,20,81,3,36
Jawa Timur,Mojokerto,12,1439,18,80,1,22
Jawa Timur,Malang,25,2310,29,80,9,52
DKI Jakarta,Kota Jakarta Utara,23,3694,48,77,6,93
Jawa Timur,Kota Surabaya,45,9986,132,76,7,214
Jawa Tengah,Wonogiri,9,1053,14,75,2,17
Jawa Timur,Gresik,20,2012,27,75,5,37
Jawa Tengah,Karanganyar,7,881,12,73,0,16
Jawa Timur,Kota Pasuruan,2,293,4,73,0,4
Jawa Barat,Kota Bandung,27,6533,90,73,3,131
Jawa Timur,Tulungagung,10,1233,17,73,0,24
Jawa Timur,Kota Batu,5,561,8,70,0,10
Jawa Tengah,Kota Magelang,7,900,13,69,1,20
Banten,Kota Tangerang,31,4409,64,69,8,114
Jawa Barat,Kota Depok,23,3665,55,67,0,97
Banten,Kota Tangerang Selatan,21,2917,45,65,2,79
DKI Jakarta,Kota Jakarta Selatan,41,6279,105,60,17,190
