kmk_key,sirs_kode
Aceh|11,1174016
Bali|2,5171220
Banten|3,3603010
Banten|8,3671208
DI Yogyakarta|1,3404015
DI Yogyakarta|2,3471234
Daerah Khusus Jakarta|1,3173014
Daerah Khusus Jakarta|2,3171012
Gorontalo|3,7501043
Jawa Barat|10,3211015
Jawa Barat|2,3204086
Jawa Barat|3,3201046
Jawa Barat|9,3206023
Jawa Tengah|1,3374010
Jawa Tengah|25,3374342
Jawa Tengah|34,3323013
Jawa Timur|11,3509010
Jawa Timur|6,3504012
Kalimantan Barat|15,6112003
Kalimantan Barat|2,6104014
Kalimantan Tengah|10,6207012
Kalimantan Tengah|11,6207033
Kalimantan Tengah|4,6203015
Kalimantan Timur|1,6409048
Kepulauan Bangka Belitung|7,1905024
Lampung|4,1804011
Lampung|6,1806013
Nusa Tenggara Barat|5,5202011
Nusa Tenggara Barat|7,5272005
Nusa Tenggara Barat|9,5206015
Nusa Tenggara Timur|1,5303056
Nusa Tenggara Timur|13,5313015
Nusa Tenggara Timur|14,5315003
Nusa Tenggara Timur|2,5371011
Nusa Tenggara Timur|4,5302023
Papua Selatan|4,9213039
Papua Tengah|6,9234003
Papua Tengah|8,9236003
Papua|1,9271081
Papua|10,
Papua|2,9271012
Papua|3,9271023
Riau|1,1471415
Sulawesi Selatan|15,7371395
Sulawesi Selatan|3,7371453
Sulawesi Selatan|7,7306046
Sulawesi Tengah|1,7271014
Sulawesi Tengah|3,7202015
Sulawesi Tenggara|10,7471092
Sulawesi Tenggara|2,7471011
Sulawesi Utara|3,7171103
Sulawesi Utara|5,7172048
Sulawesi Utara|6,7101013
Sumatera Barat|1,1371010
Sumatera Barat|15,1301010
Sumatera Barat|16,1303012
Sumatera Barat|23,1306015
Sumatera Barat|6,1306056
Sumatera Barat|7,1308010
Sumatera Selatan|2,1671072
Sumatera Utara|29,1225013
Sumatera Utara|3,1201016
